{
  "Ecommerce_Product_Dataset.xlsx": {
    "mtime": 1783924137.7216518,
    "size": 5697,
    "doc_ids": [
      "5c8f20c686db40acaee97f03268c8d6f",
      "b7c0417a348147b294aea81eb269be5b"
    ]
  },
  "TechNova_Product_Catalog.docx": {
    "mtime": 1784299814.1099095,
    "size": 37007,
    "doc_ids": [
      "d959253c7e804196b72639956a412c07"
    ]
  },
  "TechNova_Product_Catalog.pdf": {
    "mtime": 1784378177.014236,
    "size": 2342,
    "doc_ids": [
      "44beb756934f4d9f9aad4c126f45f62d"
    ]
  }
}